<?xml version="1.0"?>
<Experiment xmlns:xsd="http://www.w3.org/2001/XMLSchema" xmlns:xsi="http://www.w3.org/2001/XMLSchema-instance">
  <Tubes>
    <Tube Name="C28_t0" SignalStatisticsSettingId="0" />
    <Tube Name="C28_t12" SignalStatisticsSettingId="0" />
    <Tube Name="C2C12_t0" SignalStatisticsSettingId="0" />
    <Tube Name="C2C12_t12" SignalStatisticsSettingId="0" />
    <Tube Name="C28_t18" SignalStatisticsSettingId="0" />
    <Tube Name="C2C12_t18" SignalStatisticsSettingId="0" />
    <Tube Name="C28_t21" SignalStatisticsSettingId="0" />
    <Tube Name="C2C12_t21" SignalStatisticsSettingId="0" />
    <Tube Name="ddH2O" SignalStatisticsSettingId="0" />
    <Tube Name="C28_t24" SignalStatisticsSettingId="0" />
    <Tube Name="C2C12_t24" SignalStatisticsSettingId="0" />
    <Tube Name="C28_t36" SignalStatisticsSettingId="0" />
    <Tube Name="C28_t39" SignalStatisticsSettingId="0" />
    <Tube Name="C28_t27" SignalStatisticsSettingId="0" />
    <Tube Name="C2C12_t27" SignalStatisticsSettingId="0" />
    <Tube Name="C28_t42" SignalStatisticsSettingId="0" />
    <Tube Name="C28_t30" SignalStatisticsSettingId="0" />
    <Tube Name="C28_t33" SignalStatisticsSettingId="0" />
    <Tube Name="C28_t45" SignalStatisticsSettingId="0" />
    <Tube Name="C28_t48" SignalStatisticsSettingId="0" />
    <Tube Name="C28_t60" SignalStatisticsSettingId="0" />
    <Tube Name="C28_t63" SignalStatisticsSettingId="0" />
    <Tube Name="C28_t51" SignalStatisticsSettingId="0" />
    <Tube Name="C28_t54" SignalStatisticsSettingId="0" />
    <Tube Name="C28_t57" SignalStatisticsSettingId="0" />
  </Tubes>
  <Plates />
  <Populations>
    <Population Name="Cells" />
    <Population Name="Singlets" />
    <Population Name="Stained" />
    <Population Name="G0_G1" />
    <Population Name="G2_M" />
    <Population Name="S" />
  </Populations>
  <StatisticsSettings>
    <TubeHeaderItems>
      <TubeHeaderItem>EventsCount</TubeHeaderItem>
      <TubeHeaderItem>RecordTime</TubeHeaderItem>
      <TubeHeaderItem>Volume</TubeHeaderItem>
      <TubeHeaderItem>AbortRate</TubeHeaderItem>
    </TubeHeaderItems>
    <PopulationStatisticsItems>
      <PopulationStatisticsItem>Count</PopulationStatisticsItem>
      <PopulationStatisticsItem>PercentOfParent</PopulationStatisticsItem>
      <PopulationStatisticsItem>PercentOfAll</PopulationStatisticsItem>
      <PopulationStatisticsItem>Concentration</PopulationStatisticsItem>
    </PopulationStatisticsItems>
    <SignalStatisticsSettings>
      <SignalStatisticsSetting Id="0">
        <SignalStatisticsSettingInfos />
      </SignalStatisticsSetting>
    </SignalStatisticsSettings>
  </StatisticsSettings>
</Experiment>